index,timestamp_sec,timestamp_ms,rms_at_onset,local_max_rms,local_rise,pre_ioi_ms,post_ioi_ms
1,1.013333333,1013,0.001684,0.022405,0.022405,-1,22
2,1.034666667,1035,0.004597,0.023257,0.023257,22,42
3,1.077333333,1077,0.013835,0.024491,0.024491,42,22
4,1.098666667,1099,0.017938,0.024491,0.023644,22,149
5,1.248,1248,0.020518,0.027427,0.013523,149,4085
6,5.333333333,5333,0.00202,0.00202,0.001106,4085,736
7,6.069333333,6069,0.004666,0.004666,0.003343,736,43
8,6.112,6112,0.001458,0.004666,0.003343,43,53
9,6.165333333,6165,0.001969,0.004666,0.003364,53,96
10,6.261333333,6261,0.00242,0.004287,0.002984,96,139
11,6.4,6400,0.010079,0.01024,0.008994,139,32
12,6.432,6432,0.002074,0.01024,0.009129,32,75
13,6.506666667,6507,0.003275,0.007666,0.006797,75,96
14,6.602666667,6603,0.007666,0.03188,0.03101,96,64
15,6.666666667,6667,0.024333,0.03188,0.03101,64,64
16,6.730666667,6731,0.030481,0.03188,0.030528,64,245
17,6.976,6976,0.005576,0.013748,0.012842,245,117
18,7.093333333,7093,0.005253,0.013748,0.012716,117,278
19,7.370666667,7371,0.002925,0.004193,0.003095,278,277
20,7.648,7648,0.006564,0.006564,0.005373,277,32
21,7.68,7680,0.004343,0.006564,0.005373,32,128
22,7.808,7808,0.005795,0.0059,0.00434,128,128
23,7.936,7936,0.00449,0.019155,0.016971,128,64
24,8.0,8000,0.019155,0.019155,0.016971,64,96
25,8.096,8096,0.014114,0.019155,0.016866,96,224
26,8.32,8320,0.006461,0.006461,0.005049,224,2411
27,10.730666667,10731,0.007969,0.007969,0.006593,2411,234
28,10.965333333,10965,0.013145,0.013145,0.011758,234,32
29,10.997333333,10997,0.008444,0.013899,0.012512,32,86
30,11.082666667,11083,0.013899,0.01431,0.01272,86,42
31,11.125333333,11125,0.005757,0.01431,0.01272,42,43
32,11.168,11168,0.01431,0.01431,0.011072,43,864
33,12.032,12032,0.017039,0.022415,0.020149,864,1803
34,13.834666667,13835,0.040534,0.053972,0.025766,1803,3018
35,16.853333333,16853,0.018551,0.018551,0.007285,3018,1184
36,18.037333333,18037,0.016117,0.016117,0.006584,1184,118
37,18.154666667,18155,0.012511,0.053456,0.043061,118,74
38,18.229333333,18229,0.048888,0.053456,0.041923,74,7638
39,25.866666667,25867,0.04152,0.056064,0.038496,7638,128
40,25.994666667,25995,0.036092,0.04434,0.024487,128,117
41,26.112,26112,0.039795,0.050743,0.02606,117,128
42,26.24,26240,0.043883,0.064542,0.039362,128,128
43,26.368,26368,0.042419,0.056823,0.037809,128,128
44,26.496,26496,0.045952,0.049362,0.030349,128,117
45,26.613333333,26613,0.048109,0.056168,0.0286,117,128
46,26.741333333,26741,0.035665,0.056948,0.036994,128,128
47,26.869333333,26869,0.04525,0.056948,0.037753,128,118
48,26.986666667,26987,0.036951,0.048547,0.029353,118,128
49,27.114666667,27115,0.040121,0.053891,0.03099,128,128
50,27.242666667,27243,0.038456,0.053286,0.032798,128,128
51,27.370666667,27371,0.039381,0.053286,0.033257,128,117
52,27.488,27488,0.029822,0.040178,0.020149,117,128
53,27.616,27616,0.049865,0.058161,0.036186,128,128
54,27.744,27744,0.05509,0.05509,0.034116,128,128
55,27.872,27872,0.03918,0.054143,0.033169,128,245
56,28.117333333,28117,0.051062,0.054752,0.035023,245,502
57,28.618666667,28619,0.049909,0.056051,0.035017,502,128
58,28.746666667,28747,0.031819,0.043772,0.017072,128,128
59,28.874666667,28875,0.03776,0.043772,0.02964,128,117
60,28.992,28992,0.037019,0.037019,0.022886,117,128
61,29.12,29120,0.049981,0.050531,0.030946,128,128
62,29.248,29248,0.028261,0.065845,0.039831,128,128
63,29.376,29376,0.057735,0.065845,0.030953,128,245
64,29.621333333,29621,0.06715,0.067513,0.02882,245,128
65,29.749333333,29749,0.071466,0.094183,0.056739,128,374
66,30.122666667,30123,0.061742,0.072345,0.034617,374,245
67,30.368,30368,0.050198,0.065023,0.032621,245,256
68,30.624,30624,0.052695,0.054041,0.026023,256,117
69,30.741333333,30741,0.072147,0.105134,0.077117,117,128
70,30.869333333,30869,0.03567,0.088311,0.062065,128,128
71,30.997333333,30997,0.036101,0.069787,0.043541,128,128
72,31.125333333,31125,0.05189,0.069787,0.042754,128,246
73,31.370666667,31371,0.033563,0.039957,0.019033,246,128
74,31.498666667,31499,0.024862,0.034363,0.015253,128,501
75,32.0,32000,0.036977,0.052228,0.039079,501,117
76,32.117333333,32117,0.031746,0.044068,0.021488,117,128
77,32.245333333,32245,0.034009,0.048102,0.025521,128,128
78,32.373333333,32373,0.036028,0.048102,0.02703,128,128
79,32.501333333,32501,0.034104,0.039576,0.019831,128,118
80,32.618666667,32619,0.037698,0.049446,0.024125,118,256
81,32.874666667,32875,0.039221,0.041722,0.019799,256,1002
82,33.877333333,33877,0.027985,0.042056,0.01811,1002,246
83,34.122666667,34123,0.030474,0.036225,0.020708,246,128
84,34.250666667,34251,0.030694,0.0328,0.01834,128,128
85,34.378666667,34379,0.02068,0.027407,0.021501,128,117
86,34.496,34496,0.023983,0.026213,0.020307,117,629
87,35.125333333,35125,0.040713,0.040713,0.021729,629,128
88,35.253333333,35253,0.027034,0.036019,0.023786,128,43
89,35.296,35296,0.034995,0.036019,0.023786,43,85
90,35.381333333,35381,0.032099,0.036019,0.023786,85,128
91,35.509333333,35509,0.034067,0.034067,0.016077,128,747
92,36.256,36256,0.038192,0.044411,0.024404,747,117
93,36.373333333,36373,0.040082,0.041199,0.016408,117,2667
94,39.04,39040,0.005296,0.006079,0.005137,2667,320
95,39.36,39360,0.004197,0.013974,0.012262,320,171
96,39.530666667,39531,0.005477,0.011992,0.006819,171,1856
97,41.386666667,41387,0.010487,0.021037,0.01974,1856,1450
98,42.837333333,42837,0.068109,0.069677,0.037475,1450,256
99,43.093333333,43093,0.059687,0.059687,0.032991,256,118
100,43.210666667,43211,0.031366,0.04581,0.019115,118,128
101,43.338666667,43339,0.040607,0.04581,0.016245,128,128
102,43.466666667,43467,0.038632,0.043168,0.016811,128,117
103,43.584,43584,0.039375,0.045601,0.032126,117,128
104,43.712,43712,0.025472,0.039525,0.02605,128,128
105,43.84,43840,0.036035,0.039525,0.020469,128,128
106,43.968,43968,0.028795,0.035438,0.016381,128,117
107,44.085333333,44085,0.039835,0.062768,0.04173,117,256
108,44.341333333,44341,0.060139,0.067572,0.039786,256,128
109,44.469333333,44469,0.051506,0.068851,0.041065,128,118
110,44.586666667,44587,0.060206,0.068851,0.043069,118,128
111,44.714666667,44715,0.042741,0.060088,0.034305,128,128
112,44.842666667,44843,0.057625,0.068573,0.03478,128,128
113,44.970666667,44971,0.052534,0.068573,0.041611,128,117
114,45.088,45088,0.047759,0.075757,0.048795,117,128
115,45.216,45216,0.040034,0.070288,0.045837,128,128
116,45.344,45344,0.057175,0.070288,0.045837,128,128
117,45.472,45472,0.053245,0.069485,0.033391,128,117
118,45.589333333,45589,0.047426,0.060298,0.025286,117,128
119,45.717333333,45717,0.04603,0.054905,0.026616,128,128
120,45.845333333,45845,0.037151,0.051663,0.024159,128,128
121,45.973333333,45973,0.030196,0.047205,0.029829,128,118
122,46.090666667,46091,0.02045,0.027878,0.018286,118,256
123,46.346666667,46347,0.026374,0.037158,0.031112,256,245
124,46.592,46592,0.03532,0.037279,0.02518,245,235
125,46.826666667,46827,0.009578,0.037607,0.030963,235,138
126,46.965333333,46965,0.034404,0.042308,0.031358,138,128
127,47.093333333,47093,0.033202,0.037315,0.030247,128,246
128,47.338666667,47339,0.035813,0.041359,0.0319,246,256
129,47.594666667,47595,0.050447,0.064676,0.030543,256,245
130,47.84,47840,0.049555,0.058277,0.013147,245,256
131,48.096,48096,0.072452,0.072452,0.031882,256,245
132,48.341333333,48341,0.063063,0.092286,0.04126,245,758
133,49.098666667,49099,0.041993,0.059988,0.048744,758,245
134,49.344,49344,0.01528,0.035901,0.024767,245,128
135,49.472,49472,0.029521,0.035901,0.024767,128,245
136,49.717333333,49717,0.020873,0.037315,0.02246,245,128
137,49.845333333,49845,0.018212,0.037315,0.025673,128,96
138,49.941333333,49941,0.019372,0.02823,0.016588,96,150
139,50.090666667,50091,0.014229,0.02868,0.018261,150,128
140,50.218666667,50219,0.016229,0.031559,0.021141,128,128
141,50.346666667,50347,0.04015,0.047728,0.038868,128,128
142,50.474666667,50475,0.011594,0.04363,0.03612,128,245
143,50.72,50720,0.007971,0.014124,0.009691,245,128
144,50.848,50848,0.011246,0.011246,0.006341,128,128
145,50.976,50976,0.007926,0.024372,0.01745,128,117
146,51.093333333,51093,0.022424,0.026567,0.014141,117,256
147,51.349333333,51349,0.019081,0.028256,0.021909,256,128
148,51.477333333,51477,0.015422,0.035248,0.028901,128,118
149,51.594666667,51595,0.023793,0.03814,0.01948,118,256
150,51.850666667,51851,0.032931,0.036103,0.009702,256,245
151,52.096,52096,0.020077,0.023708,0.009653,245,256
152,52.352,52352,0.035759,0.035759,0.027252,256,85
153,52.437333333,52437,0.015753,0.037831,0.028751,85,160
154,52.597333333,52597,0.027446,0.037831,0.030676,160,128
155,52.725333333,52725,0.008689,0.016942,0.010187,128,128
156,52.853333333,52853,0.012649,0.020857,0.013635,128,128
157,52.981333333,52981,0.025773,0.026752,0.017289,128,118
158,53.098666667,53099,0.019551,0.024393,0.006652,118,128
159,53.226666667,53227,0.0181,0.025628,0.009071,128,42
160,53.269333333,53269,0.025514,0.025628,0.009071,42,86
161,53.354666667,53355,0.023849,0.025628,0.016985,86,224
162,53.578666667,53579,0.009078,0.022517,0.017807,224,149
163,53.728,53728,0.018436,0.022517,0.013563,149,117
164,53.845333333,53845,0.011557,0.020309,0.013748,117,214
165,54.058666667,54059,0.010289,0.015849,0.009295,214,42
166,54.101333333,54101,0.013033,0.019846,0.012668,42,171
167,54.272,54272,0.014537,0.023006,0.012719,171,75
168,54.346666667,54347,0.023006,0.023006,0.012719,75,128
169,54.474666667,54475,0.004622,0.022464,0.017842,128,128
170,54.602666667,54603,0.018728,0.022464,0.016773,128,106
171,54.709333333,54709,0.00589,0.022825,0.019852,106,139
172,54.848,54848,0.02031,0.029307,0.021907,139,256
173,55.104,55104,0.021565,0.028266,0.026037,256,117
174,55.221333333,55221,0.009775,0.023199,0.02097,117,128
175,55.349333333,55349,0.021841,0.047589,0.036199,128,256
176,55.605333333,55605,0.034127,0.050608,0.036765,256,118
177,55.722666667,55723,0.015315,0.038423,0.027244,118,128
178,55.850666667,55851,0.04008,0.048308,0.037129,128,128
179,55.978666667,55979,0.060045,0.061386,0.028315,128,128
180,56.106666667,56107,0.018173,0.046309,0.035018,128,245
181,56.352,56352,0.063422,0.063422,0.043443,245,373
182,56.725333333,56725,0.039615,0.06234,0.044332,373,128
183,56.853333333,56853,0.047356,0.062846,0.018031,128,246
184,57.098666667,57099,0.062421,0.063849,0.023674,246,128
185,57.226666667,57227,0.077717,0.077717,0.042836,128,128
186,57.354666667,57355,0.043709,0.064083,0.042995,128,746
187,58.101333333,58101,0.016155,0.031147,0.019038,746,1003
188,59.104,59104,0.021559,0.030871,0.012352,1003,2379
189,61.482666667,61483,0.00317,0.013901,0.012339,2379,373
190,61.856,61856,0.015909,0.017981,0.016801,373,469
191,62.325333333,62325,0.001826,0.003716,0.002094,469,832
192,63.157333333,63157,0.015579,0.018445,0.017119,832,160
193,63.317333333,63317,0.01805,0.020993,0.014611,160,267
194,63.584,63584,0.001586,0.00402,0.002434,267,651
195,64.234666667,64235,0.002983,0.008415,0.006969,651,416
196,64.650666667,64651,0.004978,0.023255,0.020103,416,1056
197,65.706666667,65707,0.001923,0.021375,0.019571,1056,906
198,66.613333333,66613,0.005779,0.006654,0.005156,906,22
199,66.634666667,66635,0.006534,0.006654,0.005156,22,480
200,67.114666667,67115,0.020045,0.020045,0.017897,480,234
201,67.349333333,67349,0.011762,0.025154,0.023301,234,886
202,68.234666667,68235,0.005283,0.021645,0.019257,886,1120
203,69.354666667,69355,0.022837,0.049237,0.031867,1120,362
204,69.717333333,69717,0.023845,0.023845,0.012413,362,64
205,69.781333333,69781,0.013153,0.023845,0.011688,64,331
206,70.112,70112,0.013807,0.018972,0.01425,331,373
207,70.485333333,70485,0.011214,0.011524,0.003394,373,363
208,70.848,70848,0.005705,0.005897,0.002018,363,107
209,70.954666667,70955,0.004102,0.010519,0.006417,107,266
210,71.221333333,71221,0.013547,0.014594,0.007912,266,384
211,71.605333333,71605,0.011444,0.016633,0.011358,384,299
212,71.904,71904,0.008554,0.019559,0.018162,299,459
213,72.362666667,72363,0.00482,0.013036,0.011349,459,373
214,72.736,72736,0.01181,0.013109,0.00487,373,352
215,73.088,73088,0.007535,0.012513,0.010977,352,21
216,73.109333333,73109,0.012468,0.012513,0.010977,21,363
217,73.472,73472,0.007105,0.008574,0.006366,363,267
218,73.738666667,73739,0.002522,0.002522,0.00105,267,117
219,73.856,73856,0.032763,0.033276,0.031649,117,256
220,74.112,74112,0.003211,0.01931,0.018025,256,21
221,74.133333333,74133,0.003717,0.023878,0.022593,21,224
222,74.357333333,74357,0.019608,0.022404,0.018936,224,128
223,74.485333333,74485,0.020595,0.022404,0.013519,128,128
224,74.613333333,74613,0.023742,0.023742,0.017715,128,374
225,74.986666667,74987,0.012667,0.01421,0.009957,374,64
226,75.050666667,75051,0.006122,0.012667,0.008645,64,192
227,75.242666667,75243,0.062118,0.062118,0.057344,192,2485
228,77.728,77728,0.009709,0.023622,0.016429,2485,53
229,77.781333333,77781,0.014193,0.023466,0.017124,53,22
230,77.802666667,77803,0.0232,0.023466,0.019466,22,181
231,77.984,77984,0.032396,0.033003,0.029651,181,171
232,78.154666667,78155,0.006749,0.020406,0.014914,171,21
233,78.176,78176,0.01856,0.020406,0.014914,21,128
234,78.304,78304,0.015987,0.017276,0.007531,128,53
235,78.357333333,78357,0.017276,0.018069,0.008183,53,171
236,78.528,78528,0.012941,0.023061,0.011309,171,21
237,78.549333333,78549,0.017926,0.023061,0.016662,21,171
238,78.72,78720,0.022966,0.034939,0.028959,171,192
239,78.912,78912,0.007538,0.007784,0.004542,192,192
240,79.104,79104,0.010644,0.010644,0.009097,192,171
241,79.274666667,79275,0.02256,0.02256,0.019278,171,21
242,79.296,79296,0.02141,0.02256,0.01985,21,181
243,79.477333333,79477,0.031524,0.032809,0.030178,181,107
244,79.584,79584,0.006996,0.032809,0.026862,107,64
245,79.648,79648,0.02528,0.025921,0.019974,64,21
246,79.669333333,79669,0.022521,0.025921,0.020755,21,182
247,79.850666667,79851,0.014418,0.018134,0.014165,182,128
248,79.978666667,79979,0.005593,0.016173,0.014334,128,53
249,80.032,80032,0.003735,0.008433,0.006629,53,192
250,80.224,80224,0.033488,0.036703,0.035193,192,192
251,80.416,80416,0.026243,0.034995,0.019861,192,181
252,80.597333333,80597,0.041052,0.041052,0.026388,181,182
253,80.778666667,80779,0.033599,0.033843,0.019179,182,192
254,80.970666667,80971,0.032434,0.038641,0.032545,192,192
255,81.162666667,81163,0.024138,0.074344,0.061875,192,64
256,81.226666667,81227,0.061748,0.074344,0.061875,64,2368
257,83.594666667,83595,0.054114,0.054114,0.048427,2368,170
258,83.765333333,83765,0.005634,0.018905,0.014161,170,22
259,83.786666667,83787,0.004807,0.018905,0.014161,22,181
260,83.968,83968,0.026812,0.026812,0.021692,181,139
261,84.106666667,84107,0.012699,0.020706,0.016422,139,53
262,84.16,84160,0.017674,0.020706,0.016422,53,181
263,84.341333333,84341,0.039305,0.045542,0.03977,181,118
264,84.458666667,84459,0.011503,0.030959,0.025186,118,181
265,84.64,84640,0.007519,0.011239,0.007693,181,53
266,84.693333333,84693,0.006232,0.014437,0.010475,53,86
267,84.778666667,84779,0.009844,0.017589,0.012292,86,117
268,84.896,84896,0.010268,0.017589,0.011122,117,53
269,84.949333333,84949,0.007058,0.017462,0.010995,53,150
270,85.098666667,85099,0.028491,0.028491,0.019279,150,181
271,85.28,85280,0.020684,0.022574,0.014609,181,192
272,85.472,85472,0.020644,0.020644,0.018311,192,149
273,85.621333333,85621,0.018961,0.019681,0.013516,149,406
274,86.026666667,86027,0.010477,0.022038,0.018998,406,106
275,86.133333333,86133,0.007208,0.030502,0.027462,106,86
276,86.218666667,86219,0.030502,0.030502,0.025906,86,181
277,86.4,86400,0.015322,0.016807,0.013362,181,139
278,86.538666667,86539,0.010623,0.032666,0.029722,139,245
279,86.784,86784,0.008385,0.013081,0.009463,245,171
280,86.954666667,86955,0.005445,0.015378,0.012808,171,202
281,87.157333333,87157,0.004005,0.007395,0.004743,202,374
282,87.530666667,87531,0.015488,0.02579,0.01355,374,266
283,87.797333333,87797,0.020859,0.032512,0.015677,266,352
284,88.149333333,88149,0.01445,0.027754,0.023495,352,128
285,88.277333333,88277,0.012373,0.018923,0.015203,128,374
286,88.650666667,88651,0.012864,0.02841,0.024457,374,192
287,88.842666667,88843,0.029021,0.029021,0.023128,192,117
288,88.96,88960,0.007888,0.057263,0.052146,117,85
289,89.045333333,89045,0.053516,0.090485,0.085367,85,171
290,89.216,89216,0.063025,0.084032,0.044922,171,939
291,90.154666667,90155,0.031084,0.032752,0.016908,939,501
292,90.656,90656,0.009176,0.031253,0.027749,501,245
293,90.901333333,90901,0.023565,0.032058,0.011475,245,192
294,91.093333333,91093,0.019327,0.025614,0.017074,192,288
295,91.381333333,91381,0.026392,0.034761,0.031062,288,75
296,91.456,91456,0.03074,0.034761,0.030799,75,203
297,91.658666667,91659,0.024729,0.050403,0.041943,203,74
298,91.733333333,91733,0.046491,0.054619,0.042282,74,1046
299,92.778666667,92779,0.020484,0.026763,0.015601,1046,373
300,93.152,93152,0.006199,0.022655,0.01781,373,779
301,93.930666667,93931,0.020885,0.029367,0.018719,779,544
302,94.474666667,94475,0.027823,0.042988,0.028238,544,522
303,94.997333333,94997,0.0137,0.035487,0.027826,522,704
304,95.701333333,95701,0.026878,0.049815,0.027929,704,555
305,96.256,96256,0.017881,0.051687,0.035099,555,3093
306,99.349333333,99349,0.027764,0.050857,0.038635,3093,1280
307,100.629333333,100629,0.018087,0.022776,0.015318,1280,22
308,100.650666667,100651,0.022304,0.022776,0.013943,22,64
309,100.714666667,100715,0.008833,0.022776,0.014383,64,21
310,100.736,100736,0.013656,0.022776,0.014383,21,875
311,101.610666667,101611,0.013131,0.016229,0.004518,875,320
312,101.930666667,101931,0.006614,0.015052,0.011605,320,266
313,102.197333333,102197,0.011431,0.013078,0.004951,266,224
314,102.421333333,102421,0.008855,0.014704,0.012101,224,1248
315,103.669333333,103669,0.000653,0.032198,0.031886,1248,64
316,103.733333333,103733,0.025131,0.033419,0.033108,64,363
317,104.096,104096,0.005989,0.020728,0.020287,363,277
318,104.373333333,104373,0.004439,0.020093,0.019936,277,576
319,104.949333333,104949,8e-06,0.038382,0.038382,576,86
320,105.034666667,105035,0.038382,0.055585,0.055585,86,5728
321,110.762666667,110763,0.044248,0.051042,0.043406,5728,170
322,110.933333333,110933,0.024857,0.051042,0.0412,170,54
323,110.986666667,110987,0.016876,0.037448,0.027606,54,53
324,111.04,111040,0.017852,0.054862,0.042563,53,5931
325,116.970666667,116971,0.072579,0.075107,0.054543,5931,522
326,117.493333333,117493,0.065156,0.091038,0.072263,522,6134
327,123.626666667,123627,0.083802,0.088158,0.065374,6134,128
328,123.754666667,123755,0.06055,0.06842,0.045635,128,117
329,123.872,123872,0.050769,0.057297,0.0311,117,128
330,124.0,124000,0.069576,0.076921,0.050725,128,128
331,124.128,124128,0.070645,0.087457,0.051295,128,128
332,124.256,124256,0.060702,0.087457,0.058439,128,117
333,124.373333333,124373,0.05312,0.064987,0.035969,117,128
334,124.501333333,124501,0.072616,0.074774,0.042247,128,128
335,124.629333333,124629,0.039618,0.077415,0.048624,128,118
336,124.746666667,124747,0.049146,0.077415,0.048624,118,128
337,124.874666667,124875,0.047822,0.062673,0.036396,128,128
338,125.002666667,125003,0.065567,0.072034,0.042442,128,128
339,125.130666667,125131,0.046708,0.072034,0.04865,128,117
340,125.248,125248,0.039557,0.067286,0.043901,117,128
341,125.376,125376,0.049291,0.049291,0.019543,128,128
342,125.504,125504,0.074881,0.074881,0.04876,128,128
343,125.632,125632,0.060885,0.06958,0.050228,128,117
344,125.749333333,125749,0.045556,0.065611,0.046259,117,128
345,125.877333333,125877,0.031078,0.047636,0.028658,128,118
346,125.994666667,125995,0.056761,0.068581,0.049603,118,128
347,126.122666667,126123,0.067712,0.067712,0.03478,128,128
348,126.250666667,126251,0.046522,0.054358,0.028914,128,128
349,126.378666667,126379,0.047657,0.047657,0.022213,128,2954
350,129.333333333,129333,2e-05,0.000196,0.000196,2954,-1
