checkpoint_ms,semantic_type,event_id,source_intensity,v5_peak,v2_old_peak,v2_calibrated_peak,v5_rms,v2_old_rms,v2_calibrated_rms,v5_area,v2_old_area,v2_calibrated_area,duration_ms,v2_calibrated_timings,v2_calibrated_amplitudes
105060,COLLISION,f1_final_v2_021,0.76,205,208,255,112.43,146.03,172.55,16208,21890,23500,180,15;33;32;25;25;25;25,255;255;255;68;35;21;0
123520,HEAVY_IMPACT,f1_final_v2_024,0.44,144,145,110,73.22,91.05,63.55,14652,18125,11650,240,20;45;25;25;25;25;25;25;25,110;110;59;39;32;29;21;0;0
124020,HEAVY_IMPACT,f1_final_v2_025,0.53,163,163,135,81.2,112.28,87.86,15365,21226,15255,220,25;30;30;27;27;27;27;27,135;135;135;55;34;30;21;0
124520,HEAVY_IMPACT,f1_final_v2_026,0.57,170,170,165,83.12,145.54,136.48,15602,29450,27090,220,25;25;25;25;30;30;30;30,165;165;165;165;156;131;66;0
125020,HEAVY_IMPACT,f1_final_v2_027,0.595,175,176,195,84.7,154.71,167.0,15815,31745,33700,220,30;30;30;30;25;25;25;25,195;195;195;195;184;153;75;0
125520,HEAVY_IMPACT,f1_final_v2_028,0.642,184,185,225,87.24,163.69,193.57,17900,36425,42385,240,30;29;29;29;28;32;32;31,225;225;225;225;225;203;102;0
126020,HEAVY_IMPACT,f1_final_v2_029,0.655,186,187,255,83.77,165.01,219.41,20950,46580,60904,300,20;28;28;28;28;28;28;28;28;28;28,255;255;255;255;255;255;245;218;173;82;0
26540,GEAR_SHIFT,f1_final_v2_007,0.455,147,148,190,73.48,127.34,129.91,16131,31022,30816,260,20;27;27;26;27;27;27;27;26;26,190;152;152;152;149;138;121;96;48;0
27040,ACCELERATION_RISE,f1_final_v2_008,0.475,151,152,148,124.42,132.72,125.07,66136,71483,66437,560,30;30;30;26;26;26;26;26;26;26;26;26;26;25;25;27;27;27;27;26;26,41;82;148;131;133;134;136;138;139;141;142;144;145;147;148;145;135;118;94;65;0
32440,GEAR_SHIFT,f1_final_v2_011,0.485,153,154,194,77.5,135.62,137.08,19433,35672,35247,280,25;29;29;29;28;28;28;28;28;28,194;155;155;155;155;150;135;109;55;0
42760,CURB_RUMBLE,f1_final_v2_014,0.445,145,170,162,72.8,129.97,116.67,16002,31541,27927,260,20;28;28;27;27;26;26;26;26;26,133;105;162;105;162;129;116;96;66;0
44360,CURB_RUMBLE,f1_final_v2_015,0.435,144,168,161,72.51,127.57,114.48,15952,30902,27327,260,25;25;25;25;25;27;27;27;27;27,132;103;161;103;161;127;115;94;65;0
55200,CONTINUOUS_RUMBLE,f1_final_v2_016,0.535,178,180,161,137.71,143.3,122.71,157405,164823,138036,1200,27;27;27;27;27;27;27;27;26;26;26;26;26;26;26;26;26;26;26;26;26;26;26;26;26;26;26;26;26;26;26;26;25;25;25;25;26;26;26;26;26;26;26;26;26;26,31;36;46;58;71;86;100;114;125;135;142;143;156;161;155;142;131;126;133;146;158;161;153;141;130;126;134;147;158;160;152;139;128;127;136;149;141;131;119;103;86;69;53;40;31;0
73760,GEAR_SHIFT,f1_final_v2_018,0.465,149,151,191,75.79,129.31,130.02,18000,34075,33383,280,20;27;27;26;26;26;26;26;26;25;25,191;153;153;153;150;142;130;112;89;45;0
80120,ENGINE_RUMBLE,f1_final_v2_019,0.455,148,164,143,107.33,132.2,110.96,27690,34625,28672,280,30;30;28;28;28;28;28;27;27;26,77;126;139;143;138;125;113;101;53;0
