event_index,event_id_v5,event_id_v2,timestamp_ms,duration_ms,semantic_type,v5_intensity,v2_intensity,delta_intensity,v5_peak_physical_amplitude,v2_peak_physical_amplitude,delta_peak_physical,v5_physical_rms,v2_physical_rms,v5_attack_ms,v2_attack_ms,delta_attack_ms,v5_sustain_ms,v2_sustain_ms,delta_sustain_ms,v5_release_ms,v2_release_ms,delta_release_ms,waveform_mae,waveform_distance_normalized,waveform_cosine_similarity,physically_changed
0,f1_v5_001,f1_final_v2_001,1040,860,CINEMATIC_ACCENT,0.178,0.185,0.007,94,95,1,75.52,85.4,20,220,200,0,380,380,840,260,-580,19.05,0.0747,0.9651,YES
1,f1_v5_002,f1_final_v2_002,6040,1040,LOW_FREQUENCY_DRONE,0.315,0.31,-0.005,121,120,-1,91.17,108.05,640,200,-440,0,580,580,400,260,-140,18.31,0.0718,0.9851,YES
2,f1_v5_003,f1_final_v2_003,7660,1940,ENGINE_RUMBLE,0.396,0.392,-0.004,152,151,-1,116.43,118.68,582,320,-262,776,1020,244,582,600,18,9.94,0.039,0.9933,YES
3,f1_v5_004,f1_final_v2_004,10960,280,GEAR_SHIFT,0.212,0.22,0.008,101,102,1,58.83,89.35,140,15,-125,0,65,65,140,200,60,36.99,0.1451,0.9022,YES
4,f1_v5_005,f1_final_v2_005,12200,3000,ACCELERATION_RISE,0.286,0.295,0.009,115,117,2,98.02,97.87,900,1100,200,1200,1100,-100,900,800,-100,9.77,0.0383,0.9883,YES
5,f1_v5_006,f1_final_v2_006,18200,3200,ENGINE_RUMBLE,0.33,0.345,0.015,139,142,3,106.99,103.09,960,1400,440,1280,1100,-180,960,700,-260,16.17,0.0634,0.9824,YES
6,f1_v5_007,f1_final_v2_007,26540,260,GEAR_SHIFT,0.447,0.455,0.008,146,148,2,72.99,127.22,100,20,-80,0,80,80,160,160,0,57.57,0.2258,0.9299,YES
7,f1_v5_008,f1_final_v2_008,27040,560,ACCELERATION_RISE,0.469,0.475,0.006,151,152,1,124.2,132.38,168,90,-78,224,310,86,168,160,-8,11.0,0.0432,0.9931,YES
8,f1_v5_009,f1_final_v2_009,29600,700,ENGINE_RUMBLE,0.442,0.45,0.008,161,163,2,124.71,128.83,210,180,-30,280,340,60,210,180,-30,7.91,0.031,0.9977,YES
9,f1_v5_010,f1_final_v2_010,30640,660,ACCELERATION_RISE,0.5,0.51,0.01,157,159,2,128.77,137.72,198,110,-88,264,370,106,198,180,-18,11.5,0.0451,0.9932,YES
10,f1_v5_011,f1_final_v2_011,32440,280,GEAR_SHIFT,0.479,0.485,0.006,153,154,1,77.35,135.34,200,25,-175,0,115,115,80,140,60,61.92,0.2428,0.9254,YES
11,f1_v5_012,f1_final_v2_012,39000,400,TRANSITION,0.222,0.215,-0.007,102,101,-1,79.6,87.08,60,40,-20,0,120,120,340,240,-100,10.06,0.0394,0.9821,YES
12,f1_v5_013,f1_final_v2_013,41240,320,LIGHT_IMPACT,0.27,0.265,-0.005,112,111,-1,62.47,98.18,160,25,-135,0,95,95,160,200,40,41.11,0.1612,0.9227,YES
13,f1_v5_014,f1_final_v2_014,42760,260,CURB_RUMBLE,0.438,0.445,0.007,144,170,26,72.51,129.59,100,20,-80,0,110,110,160,130,-30,63.61,0.2494,0.9111,YES
14,f1_v5_015,f1_final_v2_015,44260,260,CURB_RUMBLE,0.43,0.435,0.005,143,167,24,72.22,127.15,100,25,-75,0,100,100,160,135,-25,61.53,0.2413,0.9128,YES
15,f1_v5_016,f1_final_v2_016,55200,1200,CONTINUOUS_RUMBLE,0.528,0.535,0.007,178,179,1,137.28,143.05,360,320,-40,480,620,140,360,260,-100,11.19,0.0439,0.9959,YES
16,f1_v5_017,f1_final_v2_017,61640,520,FAST_MOTION,0.37,0.365,-0.005,131,131,0,97.77,114.79,240,160,-80,0,220,220,280,140,-140,18.01,0.0706,0.9892,YES
17,f1_v5_018,f1_final_v2_018,73760,280,GEAR_SHIFT,0.46,0.465,0.005,149,150,1,75.32,128.61,120,20,-100,0,80,80,160,180,20,57.42,0.2252,0.9256,YES
18,f1_v5_019,f1_final_v2_019,80120,280,ENGINE_RUMBLE,0.453,0.455,0.002,147,164,17,106.99,131.85,120,60,-60,0,140,140,160,80,-80,24.78,0.0972,0.9941,YES
19,f1_v5_020,f1_final_v2_020,102100,500,TENSION_BUILD,0.364,0.375,0.011,142,144,2,113.19,102.33,150,320,170,200,120,-80,150,60,-90,31.9,0.1251,0.9449,YES
20,f1_v5_021,f1_final_v2_021,105020,180,COLLISION,0.744,0.76,0.016,204,207,3,109.32,145.4,40,15,-25,0,65,65,140,100,-40,40.99,0.1607,0.917,YES
21,f1_v5_022,f1_final_v2_022,105240,1560,CRASH_AFTERSHOCK,0.271,0.265,-0.006,112,111,-1,94.84,81.29,60,100,40,468,540,72,1032,920,-112,21.93,0.086,0.9436,YES
22,f1_v5_023,f1_final_v2_023,117420,260,CINEMATIC_ACCENT,0.452,0.46,0.008,147,149,2,106.11,129.73,100,30,-70,0,90,90,160,140,-20,24.96,0.0979,0.9799,YES
23,f1_v5_024,f1_final_v2_024,123440,240,HEAVY_IMPACT,0.435,0.44,0.005,144,145,1,73.22,88.79,80,20,-60,0,45,45,160,175,15,29.23,0.1146,0.8633,YES
24,f1_v5_025,f1_final_v2_025,123940,220,HEAVY_IMPACT,0.529,0.53,0.001,162,163,1,77.94,110.2,80,25,-55,0,60,60,140,135,-5,27.04,0.106,0.9112,YES
25,f1_v5_026,f1_final_v2_026,124440,220,HEAVY_IMPACT,0.567,0.57,0.003,170,170,0,80.31,145.54,80,25,-55,0,75,75,140,120,-20,70.58,0.2768,0.8899,YES
26,f1_v5_027,f1_final_v2_027,124940,220,HEAVY_IMPACT,0.592,0.595,0.003,174,175,1,81.45,153.98,80,30,-50,0,90,90,140,100,-40,79.75,0.3128,0.8751,YES
27,f1_v5_028,f1_final_v2_028,125440,240,HEAVY_IMPACT,0.641,0.642,0.001,184,184,0,84.81,162.77,80,30,-50,0,115,115,160,95,-65,83.04,0.3257,0.885,YES
28,f1_v5_029,f1_final_v2_029,125920,300,HEAVY_IMPACT,0.646,0.655,0.009,185,187,2,81.77,165.01,100,20,-80,0,140,140,200,140,-60,90.52,0.355,0.8803,YES
