checkpoint_ms,semantic_type,v5_id,v2_id,v5_peak_raw,v2_peak_raw,v5_peak_comp,v2_peak_comp,v5_rms_comp,v2_rms_comp,v5_area_comp,v2_area_comp,v5_dur_ms,v2_dur_ms,waveform_comp_mae,v5_timings,v2_timings,v5_comp_amps,v2_comp_amps
105060,COLLISION,f1_v5_021,f1_final_v2_021,189,193,204,207,145.70,145.40,22888,21810,180,180,21.68,"[40;28;28;28;28;28]","[15;33;32;25;25;25;25]","[204;190;154;109;73;0]","[207;207;207;86;64;60;0]"
123520,HEAVY_IMPACT,f1_v5_024,f1_final_v2_024,110,112,144,145,104.22,88.79,22876,16575,240,240,45.92,"[27;27;26;27;27;27;27;26;26]","[20;45;25;25;25;25;25;25;25]","[80;123;144;138;123;102;80;65;0]","[145;145;91;71;63;61;0;0;0]"
124020,HEAVY_IMPACT,f1_v5_025,f1_final_v2_025,134,135,162,163,114.36,110.20,22638,19579,220,220,40.12,"[27;27;26;28;28;28;28;28]","[25;30;30;27;27;27;27;27]","[85;137;162;153;127;95;69;0]","[163;163;163;85;66;61;0;0]"
124520,HEAVY_IMPACT,f1_v5_026,f1_final_v2_026,144,145,170,170,118.42,145.54,23371,29450,220,220,28.89,"[27;27;26;28;28;28;28;28]","[25;25;25;25;30;30;30;30]","[87;142;170;159;131;97;69;0]","[170;170;170;170;164;143;108;0]"
125020,HEAVY_IMPACT,f1_v5_027,f1_final_v2_027,150,151,174,175,121.34,153.98,23918,31600,220,220,34.92,"[27;27;26;28;28;28;28;28]","[30;30;30;30;25;25;25;25]","[88;146;174;164;134;99;70;0]","[175;175;175;175;168;146;110;0]"
125520,HEAVY_IMPACT,f1_v5_028,f1_final_v2_028,163,163,184,184,127.97,162.77,27667,36216,240,240,38.41,"[27;27;26;27;27;27;27;26;26]","[30;29;29;29;28;32;32;31]","[90;153;184;176;153;121;90;67;0]","[184;184;184;184;184;170;128;0]"
126020,HEAVY_IMPACT,f1_v5_029,f1_final_v2_029,164,167,185,187,128.89,165.01,35175,46580,300,300,39.30,"[25;25;25;25;25;25;25;25;25;25;25;25]","[20;28;28;28;28;28;28;28;28;28;28]","[78;122;167;185;180;167;146;122;98;78;64;0]","[187;187;187;187;187;187;182;167;141;105;0]"
26540,GEAR_SHIFT,f1_v5_007,f1_final_v2_007,113,116,146,148,105.58,127.22,25163,30995,260,260,22.43,"[25;25;25;25;27;27;27;27;26;26]","[20;27;27;26;27;27;27;27;26;26]","[72;102;134;146;141;125;102;81;65;0]","[148;148;148;148;145;138;126;108;86;0]"
27040,ACCELERATION_RISE,f1_v5_008,f1_final_v2_008,119,121,151,152,124.24,132.38,66024,71294,560,560,11.00,"[28;28;28;28;28;28;28;28;28;28;28;28;28;28;28;28;28;28;28;28]","[30;30;30;26;26;26;26;26;26;26;26;26;26;25;25;27;27;27;27;26;26]","[66;82;105;128;144;151;138;141;142;144;145;147;149;151;144;128;105;82;66;0]","[69;100;152;139;140;141;143;144;145;146;147;148;150;151;152;149;141;128;111;88;0]"
32440,GEAR_SHIFT,f1_v5_011,f1_final_v2_011,122,123,153,154,109.31,135.34,28072,35588,280,280,34.07,"[25;25;25;25;25;25;25;25;27;27;26]","[25;29;29;29;28;28;28;28;28;28]","[63;73;88;106;124;139;149;153;129;82;0]","[154;154;154;154;154;150;138;120;93;0]"
42760,CURB_RUMBLE,f1_v5_014,f1_final_v2_014,111,144,144,170,104.47,129.59,24928,31434,260,260,29.48,"[25;25;25;25;27;27;27;27;26;26]","[20;28;28;27;27;26;26;26;26;26]","[72;102;132;144;139;123;102;80;65;0]","[146;122;170;122;170;142;132;115;90;0]"
44360,CURB_RUMBLE,f1_v5_015,f1_final_v2_015,109,141,143,167,103.76,127.15,24772,30798,260,260,27.91,"[25;25;25;25;27;27;27;27;26;26]","[25;25;25;25;25;27;27;27;27;27]","[72;101;131;143;138;122;101;80;65;0]","[144;121;167;121;167;141;131;113;89;0]"
55200,CONTINUOUS_RUMBLE,f1_v5_016,f1_final_v2_016,155,156,178,179,137.46,143.05,157000,164536,1200,1200,11.04,"[26;26;26;26;26;26;26;26;26;26;25;25;25;25;26;26;26;26;26;25;25;25;25;25;25;25;25;25;25;25;25;25;25;26;26;26;26;26;26;26;26;26;26;25;25;25;25]","[27;27;27;27;27;27;27;27;26;26;26;26;26;26;26;26;26;26;26;26;26;26;26;26;26;26;26;26;26;26;26;26;25;25;25;25;26;26;26;26;26;26;26;26;26;26]","[60;64;70;79;89;99;111;122;133;143;151;157;160;162;173;178;173;161;151;147;152;164;174;177;171;160;149;147;154;166;176;177;170;160;157;151;143;133;122;111;99;89;79;70;64;60;0]","[61;67;76;86;99;112;125;137;147;156;161;164;175;179;174;163;151;148;154;165;176;179;173;160;151;148;155;167;177;179;171;159;150;149;157;169;160;153;141;127;112;96;82;70;62;0]"
73760,GEAR_SHIFT,f1_v5_018,f1_final_v2_018,117,118,149,150,108.06,128.61,27835,33897,280,280,21.94,"[30;30;30;30;27;27;27;27;26;26]","[20;27;27;26;26;26;26;26;26;25;25]","[73;104;136;149;143;126;104;82;65;0]","[150;150;150;150;148;142;133;120;104;83;0]"
80120,ENGINE_RUMBLE,f1_v5_019,f1_final_v2_019,115,136,147,164,106.78,131.85,27520,34541,280,280,25.08,"[30;30;30;30;27;27;27;27;26;26]","[30;30;28;28;28;28;28;27;27;26]","[72;103;134;147;141;125;103;81;65;0]","[104;148;159;164;158;147;136;125;82;0]"
